{
    "vertices":[1,-0.873001,-15.873,0.873,-1,-15.873,0.873,-0.873001,-16,1,-0.872999,15.873,0.873,-0.872999,16,0.873,-0.999999,15.873,-0.873,-0.872999,16,-1,-0.872999,15.873,-0.873,-0.999999,15.873,-0.873,-0.873001,-16,-0.873,-1,-15.873,-1,-0.873001,-15.873,0.873,0.872999,-16,0.873,0.999999,-15.873,1,0.872999,-15.873,0.872999,0.873001,16,0.999999,0.873001,15.873,0.872999,1,15.873,-1,0.873001,15.873,-0.873,0.873001,16,-0.873,1,15.873,-1,0.872999,-15.873,-0.873,0.999999,-15.873,-0.873,0.872999,-16],
    "materials":[{
        "opacity":1,
        "specularCoef":50,
        "DbgIndex":0,
        "depthWrite":true,
        "DbgColor":15658734,
        "shading":"phong",
        "transparent":false,
        "DbgName":"Material",
        "colorDiffuse":[0.64,0.64,0.64],
        "mapDiffuseWrap":["repeat","repeat"],
        "colorSpecular":[0.5,0.5,0.5],
        "visible":true,
        "mapDiffuseAnisotropy":1,
        "depthTest":true,
        "colorEmissive":[0,0,0],
        "mapDiffuseRepeat":[1,1],
        "blending":1,
        "wireframe":false,
        "doubleSided":false,
        "mapDiffuse":"wall.jpg"
    }],
    "normals":[4e-06,3e-06,-1,-4e-06,-2e-06,1,-1,-0,-0,0,1,-0,1,0,0,0.577352,-0.577347,-0.577352,0.577347,-0.577351,0.577352,-0.57735,-0.57735,0.577351,-0.57735,-0.57735,-0.577351,0.577351,0.577351,-0.577348,0.577348,0.577349,0.577354,-0.577353,0.577349,0.577349,-0.577347,0.577351,-0.577352,0.707107,-0.707107,0,3e-06,-0.707105,-0.707109,0.707108,2e-06,-0.707106,-1e-06,-0.707106,0.707107,0.707104,-3e-06,0.70711,-0.707107,-0.707107,0,-0.707108,1e-06,0.707106,-0.707105,2e-06,-0.707109,0.707107,0.707107,-0,3e-06,0.707108,-0.707106,-5e-06,0.707105,0.707109,-0.707107,0.707107,-0,-0,-1,0],
    "faces":[43,12,2,9,23,0,0,1,2,3,0,0,0,0,43,4,15,19,6,0,4,5,6,7,1,1,1,1,43,7,18,21,11,0,8,9,10,11,2,2,2,2,43,13,22,20,17,0,12,13,14,15,3,3,3,3,43,0,14,16,3,0,16,17,18,19,4,4,4,4,42,0,1,2,0,16,20,21,5,5,5,42,3,4,5,0,19,22,23,6,6,6,42,6,7,8,0,7,24,25,7,7,7,42,9,10,11,0,2,26,27,8,8,8,42,12,13,14,0,0,28,29,9,9,9,42,15,16,17,0,5,30,31,10,10,10,42,18,19,20,0,9,32,33,11,11,11,42,21,22,23,0,10,34,35,12,12,12,43,0,3,5,1,0,16,19,23,20,13,13,13,13,43,1,10,9,2,0,36,37,38,39,14,14,14,14,43,14,0,2,12,0,29,31,1,0,15,15,15,15,43,4,6,8,5,0,4,7,25,40,16,16,16,16,43,3,16,15,4,0,19,18,41,22,17,17,17,17,43,7,11,10,8,0,8,11,37,42,18,18,18,18,43,6,19,18,7,0,7,6,43,24,19,19,19,19,43,11,21,23,9,0,11,10,35,44,20,20,20,20,43,13,17,16,14,0,12,15,45,46,21,21,21,21,43,12,23,22,13,0,0,3,47,28,22,22,22,22,43,17,20,19,15,0,15,14,48,49,23,23,23,23,43,20,22,21,18,0,14,13,10,9,24,24,24,24,43,1,5,8,10,0,36,50,42,37,25,25,25,25],
    "metadata":{
        "version":3,
        "vertices":24,
        "materials":1,
        "faces":26,
        "generator":"io_three",
        "normals":26,
        "uvs":1,
        "type":"Geometry"
    },
    "uvs":[[0.914223,0.741242,0.91421,0.821099,0.860972,0.821078,0.860985,0.741222,0.975193,0.821122,0.921955,0.821102,0.921968,0.741245,0.975206,0.741265,0.00726,0.546328,0.007274,0.466471,0.975253,0.466843,0.97524,0.5467,0.975268,0.375368,0.975255,0.455225,0.007276,0.454853,0.007289,0.374997,0.007228,0.729276,0.007242,0.649419,0.975222,0.649791,0.975208,0.729648,0.007227,0.735085,0.003356,0.729275,0.97908,0.72965,0.975207,0.735457,0.975207,0.735457,0.979079,0.741267,0.860971,0.826887,0.857099,0.821077,0.914224,0.735433,0.918096,0.741243,0.921954,0.82691,0.918082,0.8211,0.003401,0.466469,0.007275,0.460662,0.975254,0.461034,0.979126,0.466844,0.975224,0.638174,0.975238,0.558317,0.97911,0.558319,0.979096,0.638176,0.979065,0.821124,0.979094,0.649793,0.007258,0.557945,0.921969,0.735436,0.979112,0.546701,0.00729,0.369188,0.97527,0.36956,0.860986,0.735413,0.003403,0.454852,0.003417,0.374995,0.007244,0.637802]]
}